{"class_name": "Model", "config": {"name": "BrainDetectionModel", "layers": [{"name": "input_3", "class_name": "InputLayer", "config": {"batch_input_shape": [null, 240, 240, 3], "dtype": "float32", "sparse": false, "name": "input_3"}, "inbound_nodes": []}, {"name": "zero_padding2d_2", "class_name": "ZeroPadding2D", "config": {"name": "zero_padding2d_2", "trainable": true, "dtype": "float32", "padding": [[2, 2], [2, 2]], "data_format": "channels_last"}, "inbound_nodes": [[["input_3", 0, 0, {}]]]}, {"name": "conv0", "class_name": "Conv2D", "config": {"name": "conv0", "trainable": true, "dtype": "float32", "filters": 32, "kernel_size": [7, 7], "strides": [1, 1], "padding": "valid", "data_format": "channels_last", "dilation_rate": [1, 1], "activation": "linear", "use_bias": true, "kernel_initializer": {"class_name": "GlorotUniform", "config": {"seed": null, "dtype": "float32"}}, "bias_initializer": {"class_name": "Zeros", "config": {"dtype": "float32"}}, "kernel_regularizer": null, "bias_regularizer": null, "activity_regularizer": null, "kernel_constraint": null, "bias_constraint": null}, "inbound_nodes": [[["zero_padding2d_2", 0, 0, {}]]]}, {"name": "bn0", "class_name": "BatchNormalization", "config": {"name": "bn0", "trainable": true, "dtype": "float32", "axis": [3], "momentum": 0.99, "epsilon": 0.001, "center": true, "scale": true, "beta_initializer": {"class_name": "Zeros", "config": {"dtype": "float32"}}, "gamma_initializer": {"class_name": "Ones", "config": {"dtype": "float32"}}, "moving_mean_initializer": {"class_name": "Zeros", "config": {"dtype": "float32"}}, "moving_variance_initializer": {"class_name": "Ones", "config": {"dtype": "float32"}}, "beta_regularizer": null, "gamma_regularizer": null, "beta_constraint": null, "gamma_constraint": null}, "inbound_nodes": [[["conv0", 0, 0, {}]]]}, {"name": "activation_2", "class_name": "Activation", "config": {"name": "activation_2", "trainable": true, "dtype": "float32", "activation": "relu"}, "inbound_nodes": [[["bn0", 0, 0, {}]]]}, {"name": "max_pool0", "class_name": "MaxPooling2D", "config": {"name": "max_pool0", "trainable": true, "dtype": "float32", "pool_size": [4, 4], "padding": "valid", "strides": [4, 4], "data_format": "channels_last"}, "inbound_nodes": [[["activation_2", 0, 0, {}]]]}, {"name": "max_pool1", "class_name": "MaxPooling2D", "config": {"name": "max_pool1", "trainable": true, "dtype": "float32", "pool_size": [4, 4], "padding": "valid", "strides": [4, 4], "data_format": "channels_last"}, "inbound_nodes": [[["max_pool0", 0, 0, {}]]]}, {"name": "flatten_2", "class_name": "Flatten", "config": {"name": "flatten_2", "trainable": true, "dtype": "float32", "data_format": "channels_last"}, "inbound_nodes": [[["max_pool1", 0, 0, {}]]]}, {"name": "fc", "class_name": "Dense", "config": {"name": "fc", "trainable": true, "dtype": "float32", "units": 1, "activation": "sigmoid", "use_bias": true, "kernel_initializer": {"class_name": "GlorotUniform", "config": {"seed": null, "dtype": "float32"}}, "bias_initializer": {"class_name": "Zeros", "config": {"dtype": "float32"}}, "kernel_regularizer": null, "bias_regularizer": null, "activity_regularizer": null, "kernel_constraint": null, "bias_constraint": null}, "inbound_nodes": [[["flatten_2", 0, 0, {}]]]}], "input_layers": [["input_3", 0, 0]], "output_layers": [["fc", 0, 0]]}, "keras_version": "2.2.4-tf", "backend": "tensorflow"}